"rt","stimulus","response","trial_type","trial_index","time_elapsed","internal_node_id","sound","voiced","round","low"
"1748","<p>Welcome!</p><p>In this experiment, you will see two shapes on a screen and hear a nonsensical word repeated 3 times. Please click the shape you think matches the sound.</p>To start, click the button below.","0","html-button-response","0","1749","0.0-0.0","","","",""
"5264","audio/audio_check.mp3","0","audio-button-response","1","7062","0.0-1.0-0.0","","","",""
"3547","audio/audio_check.mp3","0","audio-button-response","2","10613","0.0-1.1-0.1","","","",""
"3579","audio/audio_check.mp3","0","audio-button-response","3","14196","0.0-1.2-0.2","","","",""
"4693","audio/audio_check.mp3","1","audio-button-response","4","18894","0.0-1.3-0.3","","","",""
"918","Great! When you are ready to proceed to the experiment, click the button below:","0","html-button-response","5","19813","0.0-2.0","","","",""
"7856","audio/vaughvaugh.mp3","1","audio-button-response","6","27727","0.0-3.0","vaughvaugh","1","1","1"
