"rt","stimulus","response","trial_type","trial_index","time_elapsed","internal_node_id","sound","voiced","round","low"
"2173","<p>Welcome!</p><p>In this experiment, you will see two shapes on a screen and hear a nonsensical word repeated 3 times. Please click the shape you think matches the sound.</p>To start, click the button below.","0","html-button-response","0","2197","0.0-0.0","","","",""
"4883","audio/audio_check.mp3","1","audio-button-response","1","7447","0.0-1.0-0.0","","","",""
"1380","Great! When you are ready to proceed to the experiment, click the button below:","0","html-button-response","2","8831","0.0-2.0","","","",""
"6197","audio/vaughvaugh.mp3","0","audio-button-response","3","15113","0.0-3.0","vaughvaugh","1","1","1"
