"rt","stimulus","response","trial_type","trial_index","time_elapsed","internal_node_id","sound","voiced","round","low"
"1863","<p>Welcome!</p><p>In this experiment, you will see two shapes on a screen and hear a nonsensical word repeated 3 times. Please click the shape you think matches the sound.</p>To start, click the button below.","0","html-button-response","0","1865","0.0-0.0","","","",""
"3440","audio/audio_check.mp3","1","audio-button-response","1","5437","0.0-1.0-0.0","","","",""
"1478","Great! When you are ready to proceed to the experiment, click the button below:","0","html-button-response","2","6920","0.0-2.0","","","",""
"12771","audio/vaughvaugh.mp3","0","audio-button-response","3","19754","0.0-3.0","vaughvaugh","1","1","1"
